"Datum","Uhrzeit","Allgemein","Geben Sie Ihr Alter an (freiwillig)","Wohnen Sie in Moosburg?","An welchen Tagen besuchen Sie das Fest im Wesentlichen? (mehrfache Antworten möglich)","Zu welchen Tageszeiten besuchen Sie das Fest im Wesentlichen? (mehrfache Antworten möglich)","Erreichbarkeit","Wie kommen Sie zum Fest? (mehrfache Antworten möglich)","Wie bewerten Sie insgesamt die Erreichbarkeit des Festplatzes für Sie persönlich?","Wollen Sie uns etwas zum Thema Erreichbarkeit mitteilen? (optional)","Essen","Nutzen Sie die Essensangebote auf dem Fest? (mehrfache Antworten möglich)","Sollen bei den Essensangeboten folgende Ernährungspräferenzen bzw. -restriktionen mehr berücksichtigt werden? (mehrfache Antworten möglich)","Wie leicht fällt es Ihnen, geeignetes Essen zu finden?","Wie bewerten Sie die Preise für Essen auf dem Fest für Sie persönlich?","Wie bewerten Sie insgesamt das Angebot an Essen auf dem Fest für Sie persönlich?","Getränke","Nutzen Sie die Getränkeangebote auf dem Fest? (mehrfache Antworten möglich)","Wie bewerten Sie die Preise für Getränke auf dem Fest für Sie persönlich?","Wie bewerten Sie insgesamt das Angebot das Angebot an Getränken auf dem Fest für Sie persönlich?","Programm & Fahrgeschäfte","Wie bewerten Sie insgesamt das Programm (Musikgruppen etc.) auf dem Fest für Sie persönlich?","Wie bewerten Sie insgesamt die Auswahl an Fahrgeschäften und Ständen auf dem Fest für Sie persönlich?","Wie gefällt Ihnen das Rahmenprogramm zur Herbstschau? (Umzug, Ausstellung der Hobbyhandwerker, Isarman, ...) (optional)","Wie sicher fühlen Sie sich auf den Moosburger Volksfesten?","Wie sicher fühlen Sie sich auf den Moosburger Volksfesten? - Zusätzliche Informationen (optional)","Sonstige Anregungen, Lob & Kritik (optional)"
"28.12.2024","09:32","","","Ja","Sonntag","Vor 14 Uhr","","zu Fuß","6","","","Im Festzelt, Von den Ständen auf dem Festplatz","vegetarisch","6","4","6","","Im Festzelt","4","6","","6","6","","6","",""
"23.12.2024","13:52","","","Ja","Freitag, Samstag, Sonntag","Nach 18 Uhr","","Fahrrad, zu Fuß","6","","","Im Festzelt, Von den Ständen auf dem Festplatz","keine zusätzlichen Angebote notwendig","4","3","4","","Im Festzelt, Von den Ständen auf dem Festplatz","3","3","","3","2","","5","",""
"22.12.2024","09:42","","34","Ja","Freitag, Samstag, Sonntag","Nach 18 Uhr","","zu Fuß","6","","","Im Festzelt","keine zusätzlichen Angebote notwendig","6","4","4","","Im Festzelt","4","4","","5","3","","6","",""
"12.12.2024","16:56","","","Ja","Montag, Dienstag, Mittwoch, Donnerstag, Freitag, Samstag, Sonntag","Nach 18 Uhr","","zu Fuß","6","","","Im Festzelt, Von den Ständen auf dem Festplatz","keine zusätzlichen Angebote notwendig","4","4","4","","Im Festzelt, Von den Ständen auf dem Festplatz","4","4","","4","4","","4","",""
"12.12.2024","10:11","","57","Ja","Mittwoch, Donnerstag, Freitag, Samstag","14 bis 18 Uhr, Nach 18 Uhr","","Fahrrad, zu Fuß","2","","","Im Festzelt, Von den Ständen auf dem Festplatz","keine zusätzlichen Angebote notwendig","2","3","3","","Im Festzelt","2","3","","4","3","","2","",""
"09.12.2024","15:49","","27","Ja","Montag, Dienstag, Mittwoch, Donnerstag, Freitag, Samstag, Sonntag","14 bis 18 Uhr, Nach 18 Uhr","","Fahrrad","5","","","Im Festzelt, Von den Ständen auf dem Festplatz","keine zusätzlichen Angebote notwendig","4","3","4","","Im Festzelt","3","3","","4","3","","6","","Bitte längere Öffnungszeiten der Urweisse Hütte erlauben;"
"06.12.2024","12:57","","49","Ja","Samstag, Sonntag","Vor 14 Uhr","","zu Fuß","6","","","Von den Ständen auf dem Festplatz","keine zusätzlichen Angebote notwendig","6","3","5","","Im Festzelt","4","5","","5","2","","6","",""
"06.12.2024","11:28","","","Nein","Freitag, Samstag, Sonntag","Vor 14 Uhr, 14 bis 18 Uhr, Nach 18 Uhr","","PKW","6","","","Im Festzelt, Von den Ständen auf dem Festplatz","keine zusätzlichen Angebote notwendig","6","1","6","","Im Festzelt","1","5","","1","3","","2","",""
"06.12.2024","08:22","","33","Ja","Mittwoch, Sonntag","14 bis 18 Uhr","","Fahrrad","3","Parksituation um den Platz wie im wilden Westen  Teilweise nicht mal zu Fuß zugänglich","","Im Festzelt, Von den Ständen auf dem Festplatz","keine zusätzlichen Angebote notwendig","4","3","3","","Im Festzelt","5","5","","4","3","Ist immer das gleiche","3","Absicherung an den Eingängen gibt es nicht  Fahrzeuge fahren Nachmittags auf dem Platz herum Mittags parken Fahrzeuge der Stadt kreuz und quer auf dem platz","Zugang zur Damentoilette schwierig da an der Stelle alles sehr eng ist  Am Kinderkurassel neben dem Entenheben ist das Personal extrem unfreundlich und Kindern gegenüber schon fast Menschenverachtend  Im Vergleich zu anderen Festen muss man sagen das die Familie Krämmer ein  ein qualitativ gutes Angebot hat"
"05.12.2024","14:37","","58","Ja","Samstag, Sonntag","Vor 14 Uhr, 14 bis 18 Uhr","","zu Fuß","6","","","Im Festzelt, Von den Ständen auf dem Festplatz","keine zusätzlichen Angebote notwendig","5","2","5","","Im Festzelt","2","5","","4","3","","5","",""
"31.10.2024","08:59","","28","Ja","Freitag, Samstag, Sonntag","Nach 18 Uhr","","Fahrrad","6","","","Von den Ständen auf dem Festplatz","vegetarisch, vegan, halal/koscher","3","4","4","","Im Festzelt","3","3","","3","4","","5","",""
"31.10.2024","03:50","","24","Ja","Mittwoch, Freitag, Samstag","14 bis 18 Uhr, Nach 18 Uhr","","Fahrrad","6","","","Von den Ständen auf dem Festplatz","keine zusätzlichen Angebote notwendig","4","3","5","","Im Festzelt, Von den Ständen auf dem Festplatz","3","6","","4","4","","3","",""
"30.10.2024","22:34","","55","Ja","Mittwoch, Freitag, Sonntag","14 bis 18 Uhr, Nach 18 Uhr","","Fahrrad","6","","","Im Festzelt, Von den Ständen auf dem Festplatz","keine zusätzlichen Angebote notwendig","6","5","6","","Im Festzelt","5","6","","5","5","","6","",""
"30.10.2024","21:47","","43","Ja","Freitag, Samstag, Sonntag","14 bis 18 Uhr, Nach 18 Uhr","","Fahrrad","6","","","Im Festzelt, Von den Ständen auf dem Festplatz","keine zusätzlichen Angebote notwendig","4","2","5","","Im Festzelt, Von den Ständen auf dem Festplatz","2","5","","3","4","","5","",""
"30.10.2024","20:56","","33","Ja","Donnerstag, Freitag, Samstag","14 bis 18 Uhr, Nach 18 Uhr","","zu Fuß","6","Ich wohne direkt um die Ecke, daher ist es für mich nicht weit.","","Von den Ständen auf dem Festplatz","vegetarisch, glutenfrei","3","3","2","","Von den Ständen auf dem Festplatz","4","2","","2","3","","4","",""
"30.10.2024","19:38","","38","Nein","Freitag, Samstag, Sonntag","14 bis 18 Uhr, Nach 18 Uhr","","PKW","2","","","Im Festzelt, Von den Ständen auf dem Festplatz","vegetarisch","1","3","1","","Im Festzelt","3","2","","2","2","","1","",""
"30.10.2024","18:01","","27","Nein","Freitag, Samstag","Nach 18 Uhr","","Fahrrad, PKW","5","","","Von den Ständen auf dem Festplatz","keine zusätzlichen Angebote notwendig","3","3","3","","Im Festzelt","3","4","","3","4","","5","",""
"30.10.2024","17:47","","","Nein","Freitag, Samstag, Sonntag","14 bis 18 Uhr, Nach 18 Uhr","","PKW","4","","","Im Festzelt, Von den Ständen auf dem Festplatz","vegetarisch, vegan, halal/koscher, laktosefrei, glutenfrei","2","3","2","","Im Festzelt, Von den Ständen auf dem Festplatz","2","5","","4","2","","4","",""
"30.10.2024","16:17","","36","Ja","Mittwoch, Freitag, Samstag, Sonntag","14 bis 18 Uhr, Nach 18 Uhr","","Fahrrad, zu Fuß","6","","","Von den Ständen auf dem Festplatz","keine zusätzlichen Angebote notwendig","4","3","3","","Im Festzelt","4","5","","4","2","Es sollte vll mehr praktische Anwendungen und ein vielseitigeres Angebot der Hersteller geben. Gefühlt sind doch jedes Jahr die gleichen Firmen mit gleichen Angeboten vor Ort","6","Teilweise sogar ein wenig zu viel Polizei Präsenz (Gefühlte Wahrnehmung)",""
"28.10.2024","22:18","","60","Ja","Samstag","14 bis 18 Uhr","","Fahrrad","4","Welcher Bus? Der Stadtbus fährst am Wochenende und abends nicht!","","Im Festzelt, Von den Ständen auf dem Festplatz","keine zusätzlichen Angebote notwendig","6","2","4","","Im Festzelt","3","4","","3","5","passt","5","Früher waren Schlägereien Tradition auf Volksfesten. Heutzutage wären das leider Messerstechereien. Tja, der merkelsche Kulturwandel...","a) Am 14.09. waren wir nachmittags im Bierzelt. Leider hatte die Krämmer-Seele :-) keine Musikgruppe engagiert! Gibt es in Moosburg oder Umgebung keine für ihn günstige Jugend-Stadtkapelle?  b) Meine Gattin hatte eine Radlermass bestellt. Der Bier-Anteil betrug ca. 25%; sie musste also überwiegend Zuckerwasser trinken. Greislich! c) Der kleinkrämmerische :-) Festwirt hatte offenbar Dünnbier aus Erding bestellt. Bitte beim nächsten Mal FESTBIER ordern! Gerne zahle ich dafür nochmal zehn Cent mehr. d) Das Weißbier war in Ordnung.  e) Erfreulich, dass als bayerische Spezialität ein Saures Lüngerl angeboten wird. Leider zum astronomischen Preis."
"23.10.2024","10:27","","39","Ja","Montag, Sonntag","14 bis 18 Uhr","","Fahrrad, zu Fuß","6","","","Im Festzelt, Von den Ständen auf dem Festplatz","vegetarisch","6","3","5","","Im Festzelt","3","5","","5","6","waren nur beim Umzug, dieser war sehr schön.","6","",""
"22.10.2024","19:41","","69 Jahre","Ja","Montag, Samstag, Sonntag","Vor 14 Uhr, 14 bis 18 Uhr, Nach 18 Uhr","","zu Fuß","6","","","Im Festzelt, Von den Ständen auf dem Festplatz","keine zusätzlichen Angebote notwendig","6","3","5","","Im Festzelt","2","3","","3","2","- Umzug sehr schön, Traditionen werden noch gewahrt - Ausstellung der Hobbyhandwerker unattraktiv, Aussteller wenig motiviert , zu wenige Aussteller - Isarman für das Publikum zu isoliert am Freibad, Start und Siegerehrung müsste zum Festplatz ver    legt werden, damit die Allgemeinheit Notiz davon nimmt","6","","- Bier sollte schon aus dem eigenen Landkreis kommen, abwechselnd Hofbräuhaus Freising und    Weihenstephan.  - Ausschank von Festbier, dann ist der Preis auch gerechtfertigt - bei den Schaustellern fehlt ein Eyecatcher, Schieß- Wurf- und reine Losbuden locken heutzutage   keinen "" Hund "" mehr hinter dem Ofen hervor - Herbstschau ist schlichtweg fad"
"21.10.2024","08:07","","44","Ja","Mittwoch, Samstag","Vor 14 Uhr, 14 bis 18 Uhr","","Fahrrad","3","Zugänge werden zugeparkt am schlimmsten aus Richtung Unterführung  nicht mal für Fußgänger mehr platz","","Im Festzelt","keine zusätzlichen Angebote notwendig","5","3","5","","Im Festzelt","4","4","","4","4","Beim Umzug ähnelt sich jedes Jahr  oft die gleichen wägen  insbesondere die der Stadt","3","Auf anderen festen sind die Zufahrten blockiert durch Hindernisse","Das personal am Kinderkarussell Heppenheimer ist extrem unfreundlich wird schon von vielen deswegen gemieden  besonders schade da die Auswahl gerade für Kleinkinder eh begrenzt ist"
"19.10.2024","18:04","","22","Ja","Freitag, Samstag","Nach 18 Uhr","","Fahrrad","5","Ab und zu ist sehr großer Autoverkehr, ggF. Fahrradspuren, Verkerssperrund an den Kleinstraße in der Nähe (Auch wg. Unfallrisiki)","","Im Festzelt, Von den Ständen auf dem Festplatz","keine zusätzlichen Angebote notwendig","5","3","2","","Im Festzelt","1","6","","4","1","Schaue es selten an, aber wenn dann finde ichs immer super","6","","Es wäre aus meiner Sicht empfehlenswert, Cannabis und Tabak auf dem Festplatz beim Konsum gleich zu behandeln.  Ein Anderes Bier (wie z.B. Flötzinger, Augustiner, Flötzinger Spezi und Radler ist auch super!)"
"16.10.2024","16:01","","31","Ja","Dienstag, Freitag","14 bis 18 Uhr","","zu Fuß","6","","","Im Festzelt, Von den Ständen auf dem Festplatz","vegetarisch, keine zusätzlichen Angebote notwendig","5","3","6","","Im Festzelt","4","5","","5","5","Ich finde das Rahmenprogramm super, ich finde es schön, wenn Moosburg etwas tolles organisiert. Auch die Ausstellungen sind immer sehr gut.","6","","Ich finde das Moosburger Volksfest, egal ob Frühlingsfest oder Herbstschau immer schön. Allerdings hat die Qualität des Essens im Festzelt eher nachgelassen. Ein Wurstsalat kam dieses Jahr mit genau 1 Essiggurke und 1 kleinen Tomate daher, viel ""Salat"" war nicht dabei. Dafür hat er denke ich ca. 9€ gekostet, da hätte ich mir selber einen besseren Wurstsalat machen können. Wenn man hier noch etwas nachjustiert, wäre es super. Alles in allem finde ich das Volksfest toll, es gibt tolle Stände mit guten Gerichten, Süßen Snacks oder tolle Angebote für die Kinder. Auch die Ausstellungen sind schön. Ich hätte mir nur gewünscht, dass mehr Moosburger dieses Angebot in Anspruch nehmen."
"15.10.2024","15:13","","","Ja","Freitag, Samstag","14 bis 18 Uhr, Nach 18 Uhr","","zu Fuß","5","","","Im Festzelt, Von den Ständen auf dem Festplatz","keine zusätzlichen Angebote notwendig","4","3","4","","Im Festzelt","3","4","","5","4","","5","",""
"12.10.2024","22:57","","43","Ja","Mittwoch, Freitag, Samstag, Sonntag","14 bis 18 Uhr, Nach 18 Uhr","","Fahrrad, zu Fuß","6","","","Im Festzelt, Von den Ständen auf dem Festplatz","vegetarisch","5","3","3","","Im Festzelt","3","3","","4","5","","6","",""
"12.10.2024","22:35","","","Ja","Mittwoch, Freitag, Sonntag","14 bis 18 Uhr, Nach 18 Uhr","","Fahrrad, PKW","5","","","Im Festzelt, Von den Ständen auf dem Festplatz","keine zusätzlichen Angebote notwendig","5","4","5","","Im Festzelt, Von den Ständen auf dem Festplatz","5","6","","4","4","","6","",""
"12.10.2024","16:05","","42","Ja","Mittwoch, Freitag, Samstag, Sonntag","14 bis 18 Uhr","","zu Fuß","6","","","Von den Ständen auf dem Festplatz","vegetarisch","4","3","3","","Von den Ständen auf dem Festplatz","4","2","","2","2","","5","","Bei der Herbstschau 2024 waren die Musikbands Abends, v.a. Freitag und Samstag, unangenehm laut. Trotz dreifach verglaster Fenster war in unserem Wohnhaus in der Burgermühlstraße die Musik auch spät Abends (zu den Schlafenszeiten der Kinder) noch so laut, dass man den Text auch bei geschlossenen Fenstern hätte mitsingen können!!! Die letzten Jahre davor war es nicht so schlimm und ich hoffe und möchte anregen, die Lautstärke der Bands wieder nach unten zu regulieren, damit auch Anwohner, die nicht im Bierzelt sind, den Abend bzw. die Nacht für erholsamen und ungestörten Schlaf nutzen können. Vielen Dank!"
"10.10.2024","16:09","","","Ja","Montag, Dienstag, Mittwoch, Donnerstag, Freitag, Samstag, Sonntag","14 bis 18 Uhr, Nach 18 Uhr","","Fahrrad, PKW, zu Fuß","2","","","Im Festzelt, Von den Ständen auf dem Festplatz","keine zusätzlichen Angebote notwendig","5","4","5","","Im Festzelt","5","5","","4","3","","5","",""
"10.10.2024","13:17","","","Nein","Dienstag, Freitag","14 bis 18 Uhr, Nach 18 Uhr","","Fahrrad, PKW","4","","","Von den Ständen auf dem Festplatz","glutenfrei","5","4","5","","Im Festzelt","4","5","","4","5","","5","",""
"10.10.2024","11:22","","","Nein","Mittwoch, Freitag, Samstag","Nach 18 Uhr","","PKW","4","Parkplatzmöglichkeiten wie immer Mangelware","","Im Festzelt, Von den Ständen auf dem Festplatz","keine zusätzlichen Angebote notwendig","3","4","3","","Im Festzelt, Von den Ständen auf dem Festplatz","3","3","","2","4","","2","","Wir waren an einem Mittwoch Abend im Festzelt, war max. zur Hälfte besetzt, wenn überhaupt... wir haben erstmal auf die Bestellung der Getränke und auch gleich das Essen bestimmt mind. 10 Min. gewartet und auf das Essen war es bestimmt eine gute Stunde. Bei allem Respekt an die Bedienungen und den Köchen, aber die Wartezeit war uns eigentlich schon fast zu lang"
"10.10.2024","09:37","","60","Ja","Mittwoch","14 bis 18 Uhr","","Fahrrad","5","","","Von den Ständen auf dem Festplatz","vegetarisch","3","1","2","","Im Festzelt","2","3","","3","2","","2","",""
"05.10.2024","20:09","","28","Ja","Mittwoch, Freitag, Samstag","14 bis 18 Uhr, Nach 18 Uhr","","Fahrrad, zu Fuß","4","","","Im Festzelt, Von den Ständen auf dem Festplatz","vegetarisch, vegan, halal/koscher","3","4","3","","Im Festzelt","5","4","","3","4","","6","","Mehr Auswahl bei Getränken im Zelt wäre gut."
"05.10.2024","19:35","","35","Ja","Mittwoch","14 bis 18 Uhr","","Fahrrad","4","","","Von den Ständen auf dem Festplatz","vegetarisch","3","2","3","","Von den Ständen auf dem Festplatz","1","1","","3","4","","5","",""
"04.10.2024","21:18","","42","Ja","Freitag, Samstag","Nach 18 Uhr","","Fahrrad, zu Fuß","5","","","Im Festzelt, Von den Ständen auf dem Festplatz","keine zusätzlichen Angebote notwendig","6","1","3","","Im Festzelt, Von den Ständen auf dem Festplatz","2","5","","5","1","Fahrgeschäfte für ein Jubiläumsfest sehr mager. Nichts für die Jugend. Kaum Abwechslung zu den letzten Jahren.","4","",""
"04.10.2024","13:00","","28","Ja","Freitag, Samstag","14 bis 18 Uhr, Nach 18 Uhr","","Fahrrad, zu Fuß","6","","","Im Festzelt, Von den Ständen auf dem Festplatz","vegetarisch, vegan","2","3","4","","Im Festzelt","3","4","","4","4","","5","",""
"03.10.2024","09:54","","","Ja","Freitag, Samstag","14 bis 18 Uhr, Nach 18 Uhr","","Fahrrad, zu Fuß","5","","","Von den Ständen auf dem Festplatz","keine zusätzlichen Angebote notwendig","4","2","3","","Im Festzelt","3","3","","3","2","","3","",""
"02.10.2024","23:01","","41","Ja","Freitag, Sonntag","14 bis 18 Uhr","","zu Fuß","6","","","Im Festzelt, Von den Ständen auf dem Festplatz","keine zusätzlichen Angebote notwendig","6","1","1","","Im Festzelt","2","5","","5","3","","6","","Der Service und das Essen im Zelt waren dieses Jahr richtig schlecht. Und das zu dem Preis."
"02.10.2024","20:46","","16","Ja","Freitag, Samstag","Nach 18 Uhr","","Fahrrad","5","","","Im Festzelt","vegetarisch, vegan","1","3","2","","Im Festzelt","3","5","","5","5","","4","",""
"02.10.2024","20:10","","34","Ja","Freitag, Sonntag","Nach 18 Uhr","","zu Fuß","6","","","Im Festzelt, Von den Ständen auf dem Festplatz","vegetarisch, halal/koscher","4","3","4","","Im Festzelt","4","4","","4","4","Der Umzug war sehr schön.","6","","Mehr Alternativen für ausländische Mitbürger, was die Verpflegung betrifft. Schön wäre eine Durchmischung von Fahrgeschäften, Händlern, Kunsthandwerk etc auf dem Festplatz."
"02.10.2024","16:01","","39","Ja","Dienstag, Sonntag","14 bis 18 Uhr","","zu Fuß","4","","","Von den Ständen auf dem Festplatz","keine zusätzlichen Angebote notwendig","5","2","3","","Von den Ständen auf dem Festplatz","3","4","","4","4","","6","",""
"02.10.2024","15:54","","48","Ja","Mittwoch, Freitag, Samstag, Sonntag","14 bis 18 Uhr","","Fahrrad, zu Fuß","6","","","Im Festzelt, Von den Ständen auf dem Festplatz","glutenfrei","1","2","1","","Im Festzelt, Von den Ständen auf dem Festplatz","1","1","","3","2","","5","",""
"02.10.2024","12:53","","44","Ja","Samstag, Sonntag","14 bis 18 Uhr","","zu Fuß","6","","","Von den Ständen auf dem Festplatz","keine zusätzlichen Angebote notwendig","5","3","5","","Von den Ständen auf dem Festplatz","3","3","","3","5","Der Umzug ist sehr schön und stärkt irgendwie das Gemeinschaftsgefühl der Moosburger. Allerdings könnte die musikalische Begleitung noch ausgebaut werden, weil es zwischendurch etwas still ist. Es gab eine Ausstellung von Hobbyhandwerkern? Davon weiß ich nichts!","6","","Bei der Umfrage sollte bei den Antwortmöglichkeiten berücksichtigt werden, ob das jeweilige Angebot überhaupt in Anspruch genommen wird. Ich konsumiere auf dem Volksfest keine Getränke, musste aber trotzdem etwas ankreuzen."
"02.10.2024","10:01","","35","Ja","Freitag, Sonntag","14 bis 18 Uhr","","zu Fuß","5","","","Von den Ständen auf dem Festplatz","keine zusätzlichen Angebote notwendig","4","3","2","","Im Festzelt","4","4","","3","4","","4","",""
"02.10.2024","08:18","","34","Nein","Freitag, Samstag","14 bis 18 Uhr, Nach 18 Uhr","","PKW","4","","","Im Festzelt, Von den Ständen auf dem Festplatz","keine zusätzlichen Angebote notwendig","5","2","3","","Im Festzelt","2","2","","3","3","","3","","Es ist alles als Familie zu teuer :("
"01.10.2024","08:44","","58","Ja","Donnerstag, Freitag, Samstag, Sonntag","Nach 18 Uhr","","Fahrrad, zu Fuß","5","","","Im Festzelt, Von den Ständen auf dem Festplatz","keine zusätzlichen Angebote notwendig","3","5","3","","Im Festzelt, Von den Ständen auf dem Festplatz","5","4","","4","4","","4","",""
"30.09.2024","12:31","","23","Ja","Freitag, Samstag","Nach 18 Uhr","","Fahrrad, zu Fuß","6","","","Von den Ständen auf dem Festplatz","vegetarisch, keine zusätzlichen Angebote notwendig","6","5","5","","Im Festzelt","2","5","","4","5","","3","Bissl mehr Security zwischen Zelt und Toiletten wäre sinnvolll.",""
"30.09.2024","07:52","","","Ja","Samstag, Sonntag","14 bis 18 Uhr, Nach 18 Uhr","","Fahrrad, zu Fuß","3","Busverbindung vom Bahnhof zum Platz wäre gut. Mehr Fahrradplätze Ggf. noch eine kleine Verkehrsinsel am vorderen Eingang, nicht bei der Ampel, kommt man von der Tankstelle ist es schwierig mit den Kindern auf der gegenüberliegenden Seite vom Volksfest zur Ampel zu gehen, hier sollte der Verkehr im Zeitraum des Festes beruhigt werden.","","Im Festzelt, Von den Ständen auf dem Festplatz","keine zusätzlichen Angebote notwendig","5","1","4","","Im Festzelt, Von den Ständen auf dem Festplatz","1","5","","4","4","Beim Umzug sollte der Pferdemist gleich entsorgt werden, damit die Fußgruppen hier nicht reintreten. Bei Hunde ist das Pflicht und Pferden?   Ausstellungen finde ich gut, sollten aber von der Stadt noch mehr beworben werden.","2","Die Sicherheitsleute sind auf Ärger aus und provozieren gerne! Hier sollte ein geeigneter Sicherheitsdienst gestellt werden und nicht Möchtegern Raudies. Es kann nicht sein, dass man mit Kind angepöbelt wird, wenn ich als Elternteil dabei bin, dann kann mein Kind sich im Zelt bewegen. Die kennen keine Vorschriften und keine Grenzen und sind nur auf Ärger aus, ich bin dann mit meinem Sohn gegangen und nicht mehr ins Zelt!","Bei einer Umfrage von 1 bis 6 sollte man das Schulnotensystem verwenden, bei Umfragen von 1 bis 10 ist es so wie hier! Das ganze ist verwirrend und in Deutschland wäre es einfach zu handhaben mit dem Schulnotensystem, wie es in der Regel überall gehandhabt wird."
"29.09.2024","16:54","","29","Ja","Freitag, Samstag","Nach 18 Uhr","","Fahrrad","5","Mehr Fahrradsteklplätze","","Von den Ständen auf dem Festplatz","vegetarisch, vegan, halal/koscher","4","4","2","","Im Festzelt","3","2","","4","3","Gleichgültig.","6","","Weinschorlen-Maß oder Sommer Spritzer.   Größere Vielfalt bei den Essens angeboten.   Mehr Kartenzahlung."
"29.09.2024","16:51","","25","Nein","Samstag","Nach 18 Uhr","","Zug","5","Evtl. Beschilderung vom Bahnhof aus","","Im Festzelt","vegetarisch, vegan","3","3","2","","Im Festzelt","3","2","","5","5","","5","",""
"28.09.2024","23:40","","37","Ja","Freitag, Samstag, Sonntag","14 bis 18 Uhr, Nach 18 Uhr","","zu Fuß","6","","","Von den Ständen auf dem Festplatz","vegetarisch","5","2","3","","Im Festzelt","3","4","","4","4","","3","",""
"28.09.2024","21:12","","22","Ja","Freitag, Samstag","Nach 18 Uhr","","Fahrrad, zu Fuß","4","","","Von den Ständen auf dem Festplatz","vegetarisch, vegan","2","2","2","","Im Festzelt","3","5","","3","3","","5","",""
"28.09.2024","16:14","","59","Nein","Donnerstag, Freitag, Samstag, Sonntag","Nach 18 Uhr","","PKW","2","","","Im Festzelt, Von den Ständen auf dem Festplatz","keine zusätzlichen Angebote notwendig","6","4","6","","Im Festzelt, Von den Ständen auf dem Festplatz","4","6","","6","6","","4","","Es ist sehr schade, dass es nur sehr wenige Festzeltbedienungen gibt, die engagiert und auf Zack sind. 1 Stunde Wartezeit auf etwas zu essen ist einfach zu lang!"
"28.09.2024","15:47","","17","Ja","Freitag, Samstag","Nach 18 Uhr","","zu Fuß","5","War sau geil, trotz schlechtem Wetter","","Im Festzelt, Von den Ständen auf dem Festplatz","keine zusätzlichen Angebote notwendig","6","3","4","","Im Festzelt","4","5","","6","6","","6","",""
"28.09.2024","14:24","","","Ja","Sonntag","14 bis 18 Uhr","","zu Fuß","6","","","Im Festzelt, Von den Ständen auf dem Festplatz","keine zusätzlichen Angebote notwendig","5","2","4","","Im Festzelt","2","5","","3","1","","5","","Das Durchfahrt- und Parkverbot in der Viehmarktstr. sollte strenger kontrolliert werden, um den Anwohnern das tägliche Verkehrschaos (zugeparkte Einfahrten, Falschparker, Begegnungsverkehr ) stärker zu ersparen."
"28.09.2024","13:28","","38","Ja","Mittwoch, Freitag, Samstag, Sonntag","14 bis 18 Uhr","","zu Fuß","6","Super Beschilderung von Rad und PKW Abstellmöglichkeiten vor Ort, aber vielleicht sollten diese Infos auch auf den Flyer bzw. auf Aufstellwände rund ums Gelände. Für Anwohner ist es manchmal schwer bis unmöglich aus der eigenen Einfahrt raus / rein zu kommen. Falschparker sollten zur Herbstschauzeit stärker kontrolliert werden, da ja die offiziellen Parkplätze alle nah und vor allem kostenlos sind.","","Von den Ständen auf dem Festplatz","vegetarisch","3","3","3","","Von den Ständen auf dem Festplatz","4","4","","4","4","Super! Umzug und Isarman unbedingt beibehalten, macht Spaß zum Mitmachen und  Zuschauen!","6","","Die Viehmarktstraße sollte während den Festzeiten (Frühjahr und Herbstschau) stärker durch die Verkehrsüberwachung / Polizeipräsenz überprüft werden. Das Einfahrt verboten Schild wurde diesen Herbst von den Meisten getrost übersehen; die Beschilderung war dieses Jahr in Ordnung, aber für Anwohner sind viele wendende Autos und wild parkende Fahrräder rund um den Huber Metzger manchmal eine direkte Nötigung. Wir genießen die Volksfest Zeit und unterstützen den Trubel, aber da viele Menschen wohl leider nicht mehr lesen können bitte gerne öfter kontrollieren! Und wie oben vermerkt als Idee: die Park und Abstellmöglichkeiten für Räder und Autos ist Moosburg fremden Personen vielleicht nicht gleich klar, deshalb gerne auch nochmal auf den allgemeinen Flyer, bei der Internet Ankündigung auf der Moosburg Seite und vielleicht auch mit Bannern rund um den Festplatz genauer beschreiben (das funktioniert am Plan gerade ganz gut!). Danke und ein generelles Lob noch an den Bauhof und die vielen städtischen Organisatoren rundum. Ihr managt die Sperrung und Räumung des Viehmarktplatzes immer top!!"
"28.09.2024","13:25","","41","Ja","Mittwoch, Freitag, Samstag, Sonntag","14 bis 18 Uhr","","zu Fuß","6","Problem: Gefährdung der zu Fuß und mit dem Fahrrad anreisenden Gäste durch Falschparker im Bereich Viehmarktstraße.","","Von den Ständen auf dem Festplatz","vegetarisch","5","4","4","","Im Festzelt","4","4","","4","4","","5","","Problem: Gefährdung der zu Fuß und mit dem Fahrrad anreisenden Gäste durch Falschparker im Bereich Viehmarktstraße - diese sollte laut temporärer Beschilderung eigentlich nur für Anlieger zugänglich sein"
"28.09.2024","09:53","","84","Ja","Montag, Freitag, Sonntag","Nach 18 Uhr","","zu Fuß","5","In der Unterführung neben dem Kulturgraben wird der Fuß-und Radweg zu spät beleuchtet.Mädchen trauen sich bei Dämmerung nicht mehr durch die Unterführung nach Hause.Es gibt fast keine Parkmöglichkeiten in der Nähe, überall ist Parkverbot. Warum müssen die Fahrzeuge der Schausteller am Festplatz stehen?","","Im Festzelt, Von den Ständen auf dem Festplatz","keine zusätzlichen Angebote notwendig","3","3","3","","Im Festzelt, Von den Ständen auf dem Festplatz","3","3","","4","3","Der Herbstschauumzug ist immer sehr schön und abwechslungsreich.","4","","Das Festbier wird von vielen Besuchern nicht gelobt und daher kommen Gäste aus unserem Bekanntenkreis nicht mehr nach Moosburg zur Herbstschau."
"28.09.2024","08:09","","43","Ja","Donnerstag, Freitag, Samstag","14 bis 18 Uhr, Nach 18 Uhr","","zu Fuß","3","Mehr Parkplätze mit Busanbindung zum Festplatz wäre super","","Im Festzelt, Von den Ständen auf dem Festplatz","keine zusätzlichen Angebote notwendig","4","3","4","","Im Festzelt, Von den Ständen auf dem Festplatz","4","4","","4","3","","6","","Das gesamte Fest könnte etwas moderner werden. Länger Öffnungszeiten am Wochenende wären super."
"27.09.2024","10:10","","54","Nein","Freitag, Samstag, Sonntag","Nach 18 Uhr","","PKW","3","Aufgrund körperlicher Einschränkung ist Fußweg immer in Kauf zu nehmen. Keine direkten Parkplätze vor Ort. Fußgängerüberweg (Ampel) Stadtwaldstraße ist auf der Seite beim Volksfest komplett mit Fahrrädern zugestellt (kein Durchkommen mit Rollator). Der mit Ketten gekennzeichnete ""Eingang"" ist nicht direkt bei der Ampel (man muss etwas seitlich auf der Straße gehen. Mit Rollator etwas mühselig und auch gefährlich.","","Im Festzelt, Von den Ständen auf dem Festplatz","keine zusätzlichen Angebote notwendig","6","3","5","","Im Festzelt, Von den Ständen auf dem Festplatz","3","5","","5","4","Ausgewogen. Für jeden etwas dabei.","6","Genug Sicherheitskräfte vor Ort, gab noch nie irgendwelche Probleme",""
"26.09.2024","22:42","","34","Ja","Donnerstag, Freitag","14 bis 18 Uhr","","zu Fuß","5","","","Von den Ständen auf dem Festplatz","keine zusätzlichen Angebote notwendig","5","1","4","","Im Festzelt","2","3","","3","4","","3","",""
"26.09.2024","20:43","","40","Ja","Freitag, Samstag, Sonntag","14 bis 18 Uhr, Nach 18 Uhr","","Fahrrad, zu Fuß","6","","","Von den Ständen auf dem Festplatz","vegetarisch, glutenfrei","2","3","1","","Im Festzelt","3","4","","2","4","","5","",""
"26.09.2024","18:59","","43","Nein","Samstag","14 bis 18 Uhr","","PKW","6","","","Im Festzelt, Von den Ständen auf dem Festplatz","keine zusätzlichen Angebote notwendig","5","2","5","","Im Festzelt","2","5","","4","6","","5","",""
"26.09.2024","14:36","","","Ja","Freitag, Samstag","Nach 18 Uhr","","Fahrrad, zu Fuß","6","","","Im Festzelt, Von den Ständen auf dem Festplatz","keine zusätzlichen Angebote notwendig","5","4","4","","Im Festzelt","5","3","","5","3","","6","","Andere Biermarke wäre schön."
"26.09.2024","12:04","","45","Ja","Montag, Mittwoch, Samstag, Sonntag","Vor 14 Uhr, 14 bis 18 Uhr","","zu Fuß","3","Position der Radlständer ist schlecht, da man als Fußgänger nicht gut durchkommt Zu wenige Radlständer vorhanden","","Im Festzelt, Von den Ständen auf dem Festplatz","keine zusätzlichen Angebote notwendig","5","3","5","","Im Festzelt","1","5","","4","5","","6","","Speisen im Festzelt extrem teuer Im Bierzelt/Biergarten dauert das Essen und Trinken teilweise extrem lang, Wartezeiten bis zu 30 Minuten obwohl Biergarten/Zelt nicht voll sind"
"26.09.2024","11:22","","35","Ja","Freitag, Samstag","Nach 18 Uhr","","PKW","3","zu wenige Parkplätze vorhanden","","Im Festzelt, Von den Ständen auf dem Festplatz","keine zusätzlichen Angebote notwendig","6","4","5","","Im Festzelt, Von den Ständen auf dem Festplatz","3","5","","5","5","eine Nutzung der Mehrzweckhalle als Weinhalle (analog zum Freisinger Volksfest) wäre super  Umzug, Ausstellung der Hobbyhandwerker, etc. sind uninteressant und kann man sich sparen","4","",""
"26.09.2024","11:07","","55","Nein","Mittwoch","14 bis 18 Uhr","","PKW","5","","","Im Festzelt","vegetarisch","5","2","4","","Im Festzelt","1","2","","5","6","","6","","Ich war mit meinen Enkelkinder am Familiennachmittag auf der Herbstschau, wir wurden durchgehend freundlich bedient, ausser beim Büchsenwerfen - die Dame sollte nicht am Familientag arbeiten, wenn sie Kinder nicht mag!"
"26.09.2024","10:09","","62","Ja","Mittwoch","14 bis 18 Uhr","","zu Fuß","6","","","Im Festzelt","keine zusätzlichen Angebote notwendig","3","1","3","","Im Festzelt","2","3","","4","4","","5","","Sehr unprofessionelle Programmierung der Umfrage - unter Safari nicht nutzbar!!!"
"26.09.2024","09:16","","44","Ja","Mittwoch, Sonntag","Vor 14 Uhr, 14 bis 18 Uhr","","Fahrrad","6","","","Von den Ständen auf dem Festplatz","keine zusätzlichen Angebote notwendig","5","3","5","","Im Festzelt","3","3","","5","4","","4","",""
"26.09.2024","08:19","","24","Ja","Mittwoch, Freitag, Samstag","Nach 18 Uhr","","Fahrrad","6","","","Im Festzelt","keine zusätzlichen Angebote notwendig","6","3","5","","Im Festzelt","4","5","","5","4","Könnte man drauf verzichten.","5","",""
"26.09.2024","07:46","","53","Nein","Montag, Freitag","14 bis 18 Uhr, Nach 18 Uhr","","Fahrrad","5","","","Im Festzelt","keine zusätzlichen Angebote notwendig","5","2","2","","Im Festzelt","3","3","","3","4","Schöner Umzug","5","Ziemlich sicher","Gerne beim Kindertag ein zusätzliches Kinderprogramm wie auf umliegenden Volksfesten auch."
"26.09.2024","07:25","","47","Ja","Montag, Dienstag, Mittwoch, Donnerstag, Freitag, Samstag, Sonntag","Vor 14 Uhr, 14 bis 18 Uhr","","PKW, zu Fuß","5","","","Im Festzelt, Von den Ständen auf dem Festplatz","keine zusätzlichen Angebote notwendig","6","4","6","","Im Festzelt, Von den Ständen auf dem Festplatz","5","6","","5","6","","6","",""
"26.09.2024","06:28","","46","Ja","Dienstag, Mittwoch","14 bis 18 Uhr","","zu Fuß","3","Bessere Kontrolle der wild zugeparkten Flächen.","","Von den Ständen auf dem Festplatz","vegetarisch","6","2","3","","Von den Ständen auf dem Festplatz","2","3","","1","2","Isarman und Umzug okay, hobbykünstler besuche ich nicht, da eine reine Ausstellung ohne Verkauf etwas tröge ist und eh nur immer die gleichesachen wie ostern, weihnachten usw.","3","","Bedingungen sollten ordentlich rechnen können,  bzw wert der Marken beherrschen. Seit Jahren ein Grund das essen zu holen und wieder zu gehen"
"26.09.2024","05:34","","54","Ja","Freitag, Samstag","Nach 18 Uhr","","Fahrrad, zu Fuß","5","","","Im Festzelt, Von den Ständen auf dem Festplatz","keine zusätzlichen Angebote notwendig","6","2","4","","Im Festzelt","4","4","","4","4","Feuerwerk ist gut, Umzug finde ich altmodisch und immer das gleiche, kann man auch drauf verzichten","5","",""
"25.09.2024","19:41","","59","Ja","Montag, Dienstag, Mittwoch, Donnerstag, Freitag, Samstag","14 bis 18 Uhr","","Fahrrad, zu Fuß","5","","","Im Festzelt, Von den Ständen auf dem Festplatz","keine zusätzlichen Angebote notwendig","1","2","1","","Im Festzelt","1","5","","4","4","","5","","Das Essen im Bierzelt ist schlecht. Schweinshaxn hart und abgelagert, Currywurst mit Pommes furchtbar schlecht, Hendl zu stark gegrillt, Fleisch ist aussen hart gebrannt."
"25.09.2024","18:20","","50","Ja","Freitag, Samstag","Nach 18 Uhr","","Fahrrad","5","","","Von den Ständen auf dem Festplatz","vegetarisch, vegan","5","2","4","","Im Festzelt","4","5","","5","5","grösstenteils gut … ein Kabarett o.ä. unter der Woche wäre mal interessant","5","","der Viehmarktplatz ist wegen Auf - und Abbauarbeiten leider viel zu lange gesperrt  ( v.a. für Leute, die in Moosburg arbeiten )"
"25.09.2024","16:39","","25","Ja","Donnerstag, Freitag, Samstag, Sonntag","14 bis 18 Uhr, Nach 18 Uhr","","Fahrrad, zu Fuß","6","","","Im Festzelt, Von den Ständen auf dem Festplatz","keine zusätzlichen Angebote notwendig","6","2","5","","Im Festzelt","2","6","","5","4","- breites zusätzliches Programm vorhanden - bessere Fahrgeschäfte auch für ältere und Jugendliche (es waren schon Fahrgeschäfte mit Überschlag etc. da, diese fehlten z.B. dieses Jahr) wünschenswert","6","Security nett und bestimmend","Lob: in Summe rundes & gutes Fest, Verbesserungen in der Auswahl der Bands spürbar besser geworden  Kritik: - andere Brauerei für das Festbier wünschenswert, Erdinger Festbier kommt nicht gut in meinem Umkreis an, z.B. Freisinger oder Landshuter etwas besser => dahingegen Erdinger Weißbier sehr gut und denke ich auch gut von den Besuchern angenommen  - Weißbierhütte ist ein wichtiger Stützpunkt für Generation zwischen 20-30 Jahren, welcher durch einen Betreiberwechsel auf gar keinen Fall wegfallen darf => alternativ würde sich auch sehr gut ein Weißbierkarusell wie in Landshut anbieten."
"25.09.2024","15:34","","49","Ja","Sonntag","14 bis 18 Uhr","","zu Fuß","6","","","Im Festzelt, Von den Ständen auf dem Festplatz","keine zusätzlichen Angebote notwendig","5","4","5","","Im Festzelt","5","4","","5","4","","6","",""
"25.09.2024","15:13","","30","Ja","Donnerstag, Freitag, Samstag","Nach 18 Uhr","","Fahrrad","6","","","Im Festzelt","vegan","1","3","1","","Im Festzelt","3","3","","3","4","Weiß von den Nebenveranstaltung gar Nichts ^^ bekomme davon Nichts mit.","5","","Keine Glücksspiel-Buden auf dem Festgelände. Lieber mehr Spiele wie Dosenwerfen, Ballonplatzen, Kamelreiten, etc. und Fahrgeschäfte."
"25.09.2024","13:54","","35","Ja","Samstag, Sonntag","Vor 14 Uhr, 14 bis 18 Uhr","","zu Fuß","6","","","Von den Ständen auf dem Festplatz","vegetarisch","5","4","3","","Von den Ständen auf dem Festplatz","4","3","","4","4","","5","",""
"25.09.2024","12:59","","30","Ja","Freitag, Samstag","Nach 18 Uhr","","Fahrrad, zu Fuß","5","","","Im Festzelt","vegetarisch, vegan","4","4","4","","Im Festzelt, Von den Ständen auf dem Festplatz","3","2","","4","3","","5","",""
"25.09.2024","11:39","","24","Ja","Freitag, Samstag","14 bis 18 Uhr, Nach 18 Uhr","","zu Fuß","6","","","Von den Ständen auf dem Festplatz","keine zusätzlichen Angebote notwendig","6","4","5","","Im Festzelt","3","4","","5","4","","6","",""
"25.09.2024","10:16","","33","Nein","Samstag","Nach 18 Uhr","","Zug","6","","","Im Festzelt","vegetarisch, vegan","2","5","3","","Im Festzelt","4","2","","4","4","","2","","Alkoholfreies Helles wäre noch ganz wunderbar."
"25.09.2024","08:00","","17","Nein","Freitag, Samstag","Nach 18 Uhr","","PKW","3","","","Im Festzelt, Von den Ständen auf dem Festplatz","keine zusätzlichen Angebote notwendig","4","4","3","","Im Festzelt","4","6","","4","3","","5","",""
"25.09.2024","06:38","","27","Nein","Freitag, Samstag","Nach 18 Uhr","","zu Fuß","6","","","Im Festzelt, Von den Ständen auf dem Festplatz","keine zusätzlichen Angebote notwendig","6","4","6","","Im Festzelt","5","5","","5","6","Isarman","6","Was für eine blöde Frage.",""
"23.09.2024","20:30","","48","Ja","Freitag","14 bis 18 Uhr","","Fahrrad","1","","","Von den Ständen auf dem Festplatz","vegetarisch","2","1","2","","Von den Ständen auf dem Festplatz","2","3","","3","3","","6","",""
"23.09.2024","19:16","","57","Ja","Dienstag, Donnerstag, Freitag, Samstag, Sonntag","14 bis 18 Uhr, Nach 18 Uhr","","Fahrrad","5","","","Im Festzelt, Von den Ständen auf dem Festplatz","vegetarisch","5","4","5","","Im Festzelt, Von den Ständen auf dem Festplatz","5","4","","5","5","","4","",""
"23.09.2024","17:37","","38","Ja","Freitag, Samstag","Nach 18 Uhr","","Fahrrad, PKW","2","Leider fahren am WE keine Busse in Moosburg, so ist man gezwungen mit dem Auto zu fahren, außer das Wetter passt und man kann radeln. Der öffentliche Nahverkehr ist generell ein Problem. Am WE fährt nur das Ruftaxi, was aber vorbestellt werden muss, also extrem unflexible. Warum hat Moosburg mit über 20.000 Einwohnern keinen gescheiten öffentlichen Nahverkehr?","","Von den Ständen auf dem Festplatz","vegetarisch","3","2","3","","Im Festzelt","5","5","","3","3","Den Umzug schaue ich mir nicht an, dazu kann ich nichts sagen. Alles könnte etwas moderner sein, aber es passt schon. Um mehr Internationales zu erleben fährt man dann eben nach Freising, oder nach München.","6","Ich fühle mich generell sehr sicher in Moosburg. Die größte Gefahr geht ganzjährig von Rasern aus, die mit überhöhter Geschwindigkeit durch Moosburg preschen.","- Busse die einen am WE zum Festplatz bringen.  - Das Essen an den Buden ist zu teuer. Ich zahle gerne den Preis, wenn ich was besonderes bekomme, was aber nicht der Fall ist. - Getränkepreise auf dem Festzelt sind echt fair, super!  - Vielleicht mal was anderes ausprobieren, einen Food-Wagen mit internationalen Speisen, das wär mal was."
"23.09.2024","16:15","","","Ja","Montag, Dienstag, Mittwoch, Donnerstag, Freitag, Samstag, Sonntag","Nach 18 Uhr","","zu Fuß","6","","","Im Festzelt, Von den Ständen auf dem Festplatz","keine zusätzlichen Angebote notwendig","6","3","5","","Im Festzelt, Von den Ständen auf dem Festplatz","3","5","","5","3","","6","",""
"23.09.2024","16:07","","50","Ja","Samstag, Sonntag","14 bis 18 Uhr, Nach 18 Uhr","","Fahrrad, zu Fuß","6","","","Von den Ständen auf dem Festplatz","vegetarisch","3","2","3","","Im Festzelt","2","6","","6","6","","6","",""
"23.09.2024","16:07","","17","Nein","Freitag, Samstag","Nach 18 Uhr","","Bus, Zug","4","Bitte Möglichkeiten, wie Bus, in Dörfer wie Marzling oder Langenbach zurück zu kommen.","","Von den Ständen auf dem Festplatz","keine zusätzlichen Angebote notwendig","6","3","3","","Im Festzelt","3","5","","2","4","","5","",""
"23.09.2024","14:59","","49","Ja","Mittwoch, Freitag, Samstag, Sonntag","14 bis 18 Uhr, Nach 18 Uhr","","Fahrrad, zu Fuß","5","Ein Shuttlebus (Orte in der Umgebung, Bahnhof) wäre eine Überlegung wert.","","Im Festzelt, Von den Ständen auf dem Festplatz","keine zusätzlichen Angebote notwendig","5","3","5","","Im Festzelt, Von den Ständen auf dem Festplatz","3","5","","4","4","Mehr Sportveranstaltungen oder (Saisonvorbereitungs-) Turniere zur Herbstschauzeit könnten vielleicht noch mehr Besucher auf den Festplatz locken.","5","","Lob: Es ist eine gute Sache, dass es neben dem normalen Festbier auch Weißbier auf der Herbstschau gibt. Bitte unbedingt beibehalten!"
"23.09.2024","13:56","","42","Ja","Mittwoch, Sonntag","14 bis 18 Uhr","","Fahrrad, zu Fuß","5","","","Im Festzelt, Von den Ständen auf dem Festplatz","keine zusätzlichen Angebote notwendig","6","4","5","","Im Festzelt, Von den Ständen auf dem Festplatz","3","4","","4","4","","5","",""
"23.09.2024","12:17","","58","Ja","Freitag, Samstag, Sonntag","14 bis 18 Uhr, Nach 18 Uhr","","Fahrrad","5","","","Im Festzelt, Von den Ständen auf dem Festplatz","vegetarisch","5","4","5","","Im Festzelt, Von den Ständen auf dem Festplatz","2","5","","5","4","","5","",""
"23.09.2024","09:23","","","Nein","Dienstag, Mittwoch, Freitag, Samstag","Vor 14 Uhr, Nach 18 Uhr","","PKW","4","","","Im Festzelt, Von den Ständen auf dem Festplatz","keine zusätzlichen Angebote notwendig","5","3","5","","Im Festzelt","4","6","","5","5","","6","",""
"23.09.2024","08:04","","","Ja","Samstag, Sonntag","14 bis 18 Uhr, Nach 18 Uhr","","Fahrrad, zu Fuß","4","Parkplätze sind viel zu wenig","","Von den Ständen auf dem Festplatz","keine zusätzlichen Angebote notwendig","5","3","5","","Im Festzelt","3","3","","5","4","","4","",""
"22.09.2024","21:53","","34","Ja","Dienstag, Donnerstag, Freitag, Samstag, Sonntag","Vor 14 Uhr, 14 bis 18 Uhr","","Fahrrad, zu Fuß","6","","","Im Festzelt, Von den Ständen auf dem Festplatz","vegetarisch, vegan","4","4","4","","Im Festzelt","5","5","","4","4","","6","",""
"22.09.2024","21:50","","36","Ja","Dienstag, Samstag","14 bis 18 Uhr","","Fahrrad","3","","","Im Festzelt, Von den Ständen auf dem Festplatz","keine zusätzlichen Angebote notwendig","5","2","3","","Im Festzelt","3","4","","3","3","Umzug und Isarman ist sehr gut!","5","","Musik zum Mittagstisch am Wochenende wäre toll! Und Öffnung der Fahrgeschäfte ab 13 Uhr am Wochenende."
"22.09.2024","21:40","","24","Ja","Donnerstag, Freitag, Samstag, Sonntag","14 bis 18 Uhr, Nach 18 Uhr","","Fahrrad, zu Fuß","4","","","Im Festzelt, Von den Ständen auf dem Festplatz","vegetarisch","2","3","2","","Im Festzelt, Von den Ständen auf dem Festplatz","3","5","","5","5","","5","",""
"22.09.2024","19:30","","16","Nein","Freitag, Samstag","Nach 18 Uhr","","Fahrrad, PKW","5","","","Von den Ständen auf dem Festplatz","keine zusätzlichen Angebote notwendig","4","2","5","","Im Festzelt","4","5","","4","3","sehr tolles feuerwerk","5","dieses jahr durch großes polizeiaufgebot recht sicher. im jahr zuvor wollte sich jemand mit mir prügeln und einschüchtern",""
"22.09.2024","19:28","","20","Nein","Freitag, Samstag","Nach 18 Uhr","","Fahrrad, PKW","6","","","Im Festzelt, Von den Ständen auf dem Festplatz","keine zusätzlichen Angebote notwendig","6","3","5","","Im Festzelt, Von den Ständen auf dem Festplatz","3","6","","6","6","","6","",""
"22.09.2024","16:57","","35","Ja","Sonntag","14 bis 18 Uhr","","zu Fuß","6","","","Von den Ständen auf dem Festplatz","keine zusätzlichen Angebote notwendig","4","4","5","","Von den Ständen auf dem Festplatz","4","4","","4","4","","6","",""
"22.09.2024","15:54","","26","Ja","Sonntag","14 bis 18 Uhr","","zu Fuß","5","","","Im Festzelt, Von den Ständen auf dem Festplatz","vegetarisch, vegan","2","4","3","","Im Festzelt","4","6","","5","4","","6","",""
"22.09.2024","12:16","","38","Ja","Mittwoch, Samstag","14 bis 18 Uhr","","zu Fuß","5","","","Von den Ständen auf dem Festplatz","vegetarisch","2","3","3","","Im Festzelt","3","4","","4","4","","6","",""
"22.09.2024","10:43","","38","Nein","Donnerstag, Freitag, Samstag, Sonntag","14 bis 18 Uhr, Nach 18 Uhr","","PKW","5","","","Im Festzelt, Von den Ständen auf dem Festplatz","keine zusätzlichen Angebote notwendig","2","1","4","","Im Festzelt","1","3","","5","4","","4","",""
"22.09.2024","08:15","","32","Ja","Freitag","14 bis 18 Uhr, Nach 18 Uhr","","Fahrrad","6","","","Von den Ständen auf dem Festplatz","vegetarisch","5","3","4","","Im Festzelt, Von den Ständen auf dem Festplatz","3","5","","4","5","","6","",""
"22.09.2024","01:02","","36","Ja","Freitag, Samstag, Sonntag","14 bis 18 Uhr, Nach 18 Uhr","","Fahrrad, zu Fuß","6","","","Im Festzelt, Von den Ständen auf dem Festplatz","vegetarisch","5","3","5","","Im Festzelt, Von den Ständen auf dem Festplatz","2","4","","2","4","","5","",""
"21.09.2024","23:54","","","Ja","Montag, Samstag","14 bis 18 Uhr","","zu Fuß","6","","","Im Festzelt, Von den Ständen auf dem Festplatz","laktosefrei, glutenfrei","5","4","5","","Im Festzelt","5","5","","6","5","","6","",""
"21.09.2024","21:52","","30","Nein","Samstag","14 bis 18 Uhr, Nach 18 Uhr","","PKW","6","","","Im Festzelt","keine zusätzlichen Angebote notwendig","6","2","6","","Im Festzelt","2","6","","6","5","","5","","Wir gehen jedes Jahr sehr gerne auf die Herbstschau!  Dich wir waren schockiert wie unhöflich und übergreifend der Umgang heute war. Die 3 Personen (2 Männer und die Dame an der Kasse/hinterm Mikrofon) vom Heppenheimer Kinderkarusell sollten sich schämen. Es wird nur geschimpft,  Kinder werden angeschrien und an den Armen gezogen und Eltern werden bei Rückmeldungen beleidigt. Dazu kommt das Fahrrunden abgebrochen werden obwohl dafür bezahlt wurde.   Auf die Frage, wieso mein Kind aus dem Fahrgestellt steigen soll (hat bereits einen bezahlten Fahrchip) werden Schimpfwörter um sich geschmissen, Beleidigungen fallen, auch durchs Mikrofon und man wird angeschrien. Das ist absolut kein netter Umgang. Da fragt man sich schon, ob das Personen sind, die mit Kindern ""arbeiten"" sollten. Nachdem sämtliche Beleidigung in einer unangemessenen Lautstärke gefallen sind, hat sich die Lage erst mit der Drohung die Polizei dazu zu rufen, beruhigt.   Wahnsinnig enttäuschendes Erlebnis, vor allem für meinen knapp 3 jährigen Sohn, der natürlich nicht verstanden hat wieso er aus dem Fahrgeschäft aussteigen musste."
"21.09.2024","20:45","","18","Nein","Samstag","Nach 18 Uhr","","zu Fuß","6","","","Im Festzelt, Von den Ständen auf dem Festplatz","vegan, halal/koscher, laktosefrei, glutenfrei","6","4","5","","Im Festzelt","3","5","","4","4","","6","",""
"21.09.2024","20:12","","41","Ja","Montag, Dienstag, Samstag, Sonntag","14 bis 18 Uhr, Nach 18 Uhr","","zu Fuß","4","","","Im Festzelt, Von den Ständen auf dem Festplatz","keine zusätzlichen Angebote notwendig","5","2","5","","Im Festzelt, Von den Ständen auf dem Festplatz","3","4","","5","5","","4","",""
"21.09.2024","17:56","","34","Ja","Donnerstag, Freitag, Samstag, Sonntag","14 bis 18 Uhr, Nach 18 Uhr","","Fahrrad","6","","","Im Festzelt, Von den Ständen auf dem Festplatz","keine zusätzlichen Angebote notwendig","5","4","5","","Im Festzelt","5","6","","6","6","","6","",""
"21.09.2024","13:59","","27","Ja","Montag, Samstag, Sonntag","14 bis 18 Uhr, Nach 18 Uhr","","Fahrrad, zu Fuß","6","","","Im Festzelt","keine zusätzlichen Angebote notwendig","5","3","5","","Im Festzelt","4","4","","5","5","","5","",""
"21.09.2024","13:15","","60","Ja","Mittwoch, Sonntag","Nach 18 Uhr","","Fahrrad, zu Fuß","5","Solange die Parkplätze wegen der Bauarbeiten nicht zur Verfügung stehen, könnten die zur Verfügung stehenden Parkplätze komplett gebührenfrei sein und auch gnädiger mit Falschparkern bezüglich Ordnungsgeldern umgegangen werden. Es heisst immer man sollte die örtlichen Geschäfte und Gastro in Moosburg besuchen. Das ist für viele wegen der fehlenden Parkplätze nicht machbar. Also, Vorschlag: etwas mehr Gelassenheit während der Umbauphasen in der Stadt, wäre nur fair auch den Gewerbetreibenden gegenüber. Der Staat sollte mithelfen , dass es seiner Bevölkerung gut geht. Das wäre ein kleiner Beitrag dazu. Danke","","Von den Ständen auf dem Festplatz","vegetarisch","5","3","4","","Von den Ständen auf dem Festplatz","3","4","","4","4","Sehr gut","5","",""
"21.09.2024","09:51","","35","Ja","Dienstag, Freitag, Samstag, Sonntag","Vor 14 Uhr, 14 bis 18 Uhr, Nach 18 Uhr","","Fahrrad, zu Fuß","6","","","Im Festzelt, Von den Ständen auf dem Festplatz","keine zusätzlichen Angebote notwendig","6","4","6","","Im Festzelt","3","6","","6","6","","6","",""
"21.09.2024","09:39","","","Nein","Freitag, Samstag, Sonntag","14 bis 18 Uhr","","PKW","4","","","Von den Ständen auf dem Festplatz","halal/koscher","3","2","4","","Von den Ständen auf dem Festplatz","2","4","","3","4","","5","","Andere Fahrgeschäfte für Kleinkinder."
"21.09.2024","04:28","","28","Ja","Mittwoch, Freitag, Samstag, Sonntag","14 bis 18 Uhr, Nach 18 Uhr","","zu Fuß","5","Ich wohne in der Nähe vom Viehmarktplatz und brauche nur 2 min zum Festplatz.  Daher ist das Volksfest für mich gut erreichbar.","","Im Festzelt, Von den Ständen auf dem Festplatz","keine zusätzlichen Angebote notwendig","5","3","4","","Im Festzelt","3","5","","5","5","Ich persönlich finde es schade, dass am Auszug nur immer die selben Vereine mitlaufen. Der Auszug wird langsam echt langweilig. Ladet doch mal mehr Moosburger Vereine ein mit Fahnenabordnungen und Trachten mitzugehen. Das ergibt im allgemeinen ein schöneres Bild und besseren Eindruck.","5","","Vielleicht wäre es ja mal möglich den Festplatz anders zu gestalten.  Paar Fahrgeschäfte umzustellen dass es mal wieder ein anderes Bild ergibt. Immer das Gleiche ist echt langweilig. Hab ich auch öfter schon gehört und mitbekommen von den Bürgern. Es können ja die selben Schausteller da sein aber vielleicht einfach mal bissl umgestalten und umstellen. Ist nicht einfach aber machbar. Finde auch schade, dass man das Feuerwerk nicht wirklich am Festplatz sieht. Sonst sind die Volksfeste eine Bereicherung für Moosburg."
"21.09.2024","02:56","","27","Ja","Freitag, Samstag","Nach 18 Uhr","","zu Fuß","6","","","Von den Ständen auf dem Festplatz","vegan","1","2","2","","Im Festzelt","2","6","","4","4","Ausstellungen in der Schäfflerhalle könnte man besser beschildern. Außenstehend merkt man oft nicht, dass da drin etwas angeboten wird","3","Mehr Polizeipräsenz in der Umgebung z.B. Stadt nach 23 Uhr oder auch Streife in der Nacht ... Wobei evtl ist das ein utopischer Wunsch einer Dame :D","Schön, dass die Meinung der Bürger gefragt wird. Danke (:"
"21.09.2024","01:08","","","Ja","Dienstag, Samstag, Sonntag","Vor 14 Uhr, Nach 18 Uhr","","zu Fuß","5","","","Im Festzelt, Von den Ständen auf dem Festplatz","keine zusätzlichen Angebote notwendig","6","5","5","","Im Festzelt","5","5","","3","5","","4","",""
"21.09.2024","00:09","","","Ja","Freitag, Samstag, Sonntag","14 bis 18 Uhr, Nach 18 Uhr","","Fahrrad, zu Fuß","5","","","Im Festzelt","keine zusätzlichen Angebote notwendig","6","3","4","","Im Festzelt","3","3","","4","4","","4","",""
"20.09.2024","22:58","","35","Ja","Freitag, Samstag","Nach 18 Uhr","","Fahrrad","3","Parkplatz für Autos in unmittelbarer Nähe nicht vorhanden. Für Fahrräder natürlich problemlos.","","Von den Ständen auf dem Festplatz","keine zusätzlichen Angebote notwendig","2","1","4","","Im Festzelt","1","5","","5","5","","4","Ziemlich sicher.","Preis-Leistung stimmt nicht. Lange Wartezeit im Zelt auf Getränke, trotz halb leeres Zelt. Bedienungen nicht optimal vorbereitet."
"20.09.2024","22:55","","41","Ja","Mittwoch, Samstag","Vor 14 Uhr, Nach 18 Uhr","","zu Fuß","4","","","Im Festzelt, Von den Ständen auf dem Festplatz","vegetarisch","2","2","3","","Im Festzelt","3","6","","3","3","","5","",""
"20.09.2024","22:18","","37","Ja","Dienstag, Mittwoch, Samstag, Sonntag","14 bis 18 Uhr","","zu Fuß","6","","","Im Festzelt, Von den Ständen auf dem Festplatz","keine zusätzlichen Angebote notwendig","6","4","5","","Im Festzelt","4","5","","6","6","","6","",""
"20.09.2024","22:13","","38","Ja","Freitag, Sonntag","14 bis 18 Uhr, Nach 18 Uhr","","zu Fuß","6","","","Im Festzelt, Von den Ständen auf dem Festplatz","vegetarisch","4","3","4","","Im Festzelt, Von den Ständen auf dem Festplatz","3","2","","5","3","","5","",""
"20.09.2024","22:06","","29","Nein","Freitag, Samstag, Sonntag","14 bis 18 Uhr, Nach 18 Uhr","","PKW","3","Sind wenig Parkmöglichkeiten","","Im Festzelt","keine zusätzlichen Angebote notwendig","5","1","4","","Im Festzelt","2","5","","5","5","Beim Auszug bzw. beim Umzug vor dem bieranstich  Wäre es schön gewesen wenn mehr Vereine sich beteiligen  Weil jedes Jahr nur die isartaler mitlaufen ist langweilig","4","",""
"20.09.2024","22:00","","35","Nein","Freitag","Nach 18 Uhr","","PKW","3","Parkplätze fehlen vor Ort. Gerade wegen Sperrung am Plan.","","Im Festzelt","keine zusätzlichen Angebote notwendig","3","1","3","","Im Festzelt","2","1","","4","2","Gut. Gerne mehr. Vielleicht Feuerwerk?","6","",""
"20.09.2024","21:42","","42","Ja","Freitag, Samstag","Nach 18 Uhr","","zu Fuß","6","","","Von den Ständen auf dem Festplatz","keine zusätzlichen Angebote notwendig","4","2","2","","Von den Ständen auf dem Festplatz","4","4","","3","3","Umzug? Das ist doch eigentlich a kompletter Witz!  Einige Vereine sind garnicht vertreten!","4","",""
"20.09.2024","21:36","","","Ja","Dienstag, Mittwoch, Donnerstag, Samstag","14 bis 18 Uhr, Nach 18 Uhr","","Fahrrad, zu Fuß","5","Extra Fahrradparkplatz wäre gut,die vorhandenen sind über voll.","","Im Festzelt","vegetarisch","5","2","4","","Im Festzelt, Von den Ständen auf dem Festplatz","3","4","","4","6","","6","",""
"20.09.2024","21:27","","","Nein","Montag, Mittwoch, Donnerstag","14 bis 18 Uhr","","PKW","4","","","Von den Ständen auf dem Festplatz","keine zusätzlichen Angebote notwendig","4","4","4","","Von den Ständen auf dem Festplatz","4","3","","4","4","","3","Man könnte die Fahrerradfahrer aus dem Volksfest raus halten, ein Mann nahm beim aufseigen auf seinen Fahrrad meine 5 jährige Tochter mit und haute ihr nochmal auf den gebrochenen arm. Sorry sowas muss echt nicht sein im Trubel.","Den Weg über die Fußgängerampel bitte frei halten, man möchte Vorbild sein und kommt kaum zu der Ampel hin.  Sorry wenn ich es schon wieder was gegen die Fahrräder sagen, nur man könnte dies etwas anders positionieren. Finde da geht Sicherheit vor."
"20.09.2024","21:14","","26","Ja","Freitag, Samstag","14 bis 18 Uhr, Nach 18 Uhr","","Fahrrad, zu Fuß","4","","","Von den Ständen auf dem Festplatz","keine zusätzlichen Angebote notwendig","6","4","5","","Im Festzelt","3","6","","2","4","","2","Gewaltbereite ausländische jugendgruppen aufm weg in die stadt.",""
"20.09.2024","20:56","","59","Ja","Mittwoch, Donnerstag, Freitag, Samstag","14 bis 18 Uhr, Nach 18 Uhr","","Fahrrad","5","","","Von den Ständen auf dem Festplatz","keine zusätzlichen Angebote notwendig","1","2","1","","Im Festzelt","2","4","","3","3","","5","",""
"20.09.2024","20:52","","44","Nein","Donnerstag, Freitag","Nach 18 Uhr","","PKW","5","","","Im Festzelt, Von den Ständen auf dem Festplatz","keine zusätzlichen Angebote notwendig","6","2","5","","Im Festzelt","5","5","","5","2","","5","",""
"20.09.2024","20:17","","45","Ja","Mittwoch, Samstag, Sonntag","14 bis 18 Uhr, Nach 18 Uhr","","zu Fuß","5","","","Im Festzelt, Von den Ständen auf dem Festplatz","keine zusätzlichen Angebote notwendig","4","3","3","","Im Festzelt, Von den Ständen auf dem Festplatz","4","4","","4","3","Ausstellung nicht gut besucht, oft niemand am stand. Wer ist Isarman","5","",""
"20.09.2024","20:06","","34","Ja","Mittwoch, Freitag, Samstag","14 bis 18 Uhr, Nach 18 Uhr","","Fahrrad, zu Fuß","4","","","Im Festzelt, Von den Ständen auf dem Festplatz","keine zusätzlichen Angebote notwendig","3","4","3","","Im Festzelt","3","4","","4","4","","5","","Bessere Qualität des Essens im Zelt. Für den Preis kann man schon erwarten das die Qualität besser ist.  Hat in den letzten 4 Jahren stark nachgelassen. Sehr schade. Hoffentlich wird es mit einem neuen Festwirt besser."
"20.09.2024","19:47","","36","Ja","Mittwoch, Freitag, Samstag","14 bis 18 Uhr","","Fahrrad, zu Fuß","5","Der Aufbau findet zu früh statt, der Parkplatz ist insgesamt zu lange gesperrt.","","Von den Ständen auf dem Festplatz","keine zusätzlichen Angebote notwendig","5","5","5","","Von den Ständen auf dem Festplatz","4","4","","4","5","","5","",""
"20.09.2024","17:37","","37","Ja","Donnerstag, Samstag, Sonntag","14 bis 18 Uhr","","Fahrrad, zu Fuß","6","","","Im Festzelt, Von den Ständen auf dem Festplatz","keine zusätzlichen Angebote notwendig","4","2","4","","Im Festzelt","3","4","","4","4","Gut","5","",""
"20.09.2024","17:19","","46","Ja","Mittwoch","Vor 14 Uhr","","zu Fuß","5","","","Von den Ständen auf dem Festplatz","vegetarisch","3","1","2","","Im Festzelt","5","6","","2","1","","2","",""
"20.09.2024","16:32","","40","Ja","Freitag, Samstag, Sonntag","14 bis 18 Uhr, Nach 18 Uhr","","Fahrrad, zu Fuß","5","","","Im Festzelt, Von den Ständen auf dem Festplatz","vegan, glutenfrei","4","2","3","","Im Festzelt, Von den Ständen auf dem Festplatz","2","4","","4","5","","1","",""
"20.09.2024","16:07","","46","Ja","Mittwoch","Vor 14 Uhr","","zu Fuß","6","","","Im Festzelt","keine zusätzlichen Angebote notwendig","6","2","3","","Im Festzelt, Von den Ständen auf dem Festplatz","3","3","","3","3","","5","","Ich war vom Bierzelt enttäuscht!  Es waren vielleicht 15 Tische im Zelt belegt, es dauerte mehr als 15 Minuten bis eine Bedienung kam und weiter 50 Minuten bis wir unser Essen bekamen - ist uns ähnlich im letzten Jahr so gegangen - werde meine Mitarbeiter nicht mehr zum Mittagstisch auf das Volksfest einladen!"
"20.09.2024","15:07","","38","Nein","Sonntag","Vor 14 Uhr","","PKW","6","","","Im Festzelt","keine zusätzlichen Angebote notwendig","6","4","4","","Im Festzelt","4","5","","4","5","","6","",""
"20.09.2024","15:00","","34","Ja","Dienstag, Mittwoch","14 bis 18 Uhr","","zu Fuß","4","","","Von den Ständen auf dem Festplatz","keine zusätzlichen Angebote notwendig","2","2","2","","Von den Ständen auf dem Festplatz","2","2","","3","3","","2","Die Sicherheit auf dem Fest ist in Ordnung viel schlimmer ist die Situation außerhalb der Platzes. Rund um das Fest tummeln sich Gruppen die keine Sicherheit ausstrahlen. Sicherheitsdienst oder Polizei sind leider kaum anzutreffen.","Vergessen Sie bitte bei keiner Veranstaltung in und um Moosburg, dass es auch einfache Bewohner gibt die zur Nachtschicht müssen oder von dort kommen und es Ballungsräume in der Stadt gibt die man zu jedem größeren Fest meiden sollte."
"20.09.2024","14:26","","55","Ja","Samstag, Sonntag","Nach 18 Uhr","","Fahrrad, zu Fuß","6","","","Im Festzelt, Von den Ständen auf dem Festplatz","keine zusätzlichen Angebote notwendig","6","5","5","","Im Festzelt","5","5","","5","5","","5","",""
"20.09.2024","14:09","","58","Ja","Samstag, Sonntag","14 bis 18 Uhr, Nach 18 Uhr","","zu Fuß","6","","","Im Festzelt, Von den Ständen auf dem Festplatz","keine zusätzlichen Angebote notwendig","6","2","4","","Im Festzelt","3","4","","2","2","","6","","Mal ein gesamtes Konzept und andere Fahrgeschäfte wäre schön. Seit Jahren sieht man immer das gleiche."
"20.09.2024","13:28","","33","Ja","Freitag, Samstag","Nach 18 Uhr","","Fahrrad","6","","","Von den Ständen auf dem Festplatz","vegetarisch","3","2","2","","Im Festzelt","2","4","","4","2","","6","",""
"20.09.2024","13:26","","38","Ja","Donnerstag, Samstag, Sonntag","14 bis 18 Uhr, Nach 18 Uhr","","zu Fuß","6","Wir sind direkte Anwohner.  Leider werden viele Fahrräder bei uns in der Einfahrt abgestellt (Viehmarktstr. 7-9). Vielleicht gibt es eine weitere Möglichkeit, mehr Fahrradstellplätze zu schaffen?","","Im Festzelt, Von den Ständen auf dem Festplatz","keine zusätzlichen Angebote notwendig","6","2","6","","Im Festzelt","2","5","","5","5","","6","","Es ist immer ein tolles Fest! Vielen Dank für das schöne Angebot im Frühjahr und im Herbst."
"20.09.2024","13:04","","23","Ja","Freitag, Samstag","Nach 18 Uhr","","Fahrrad, zu Fuß","6","","","Von den Ständen auf dem Festplatz","keine zusätzlichen Angebote notwendig","5","4","6","","Im Festzelt","4","5","","5","6","","6","",""
"20.09.2024","12:29","","34","Ja","Mittwoch, Freitag, Samstag","14 bis 18 Uhr, Nach 18 Uhr","","Fahrrad, zu Fuß","6","","","Von den Ständen auf dem Festplatz","vegetarisch, vegan","4","5","4","","Im Festzelt, Von den Ständen auf dem Festplatz","5","5","","6","3","","4","",""
"20.09.2024","12:14","","","Ja","Donnerstag, Freitag, Samstag","Vor 14 Uhr, Nach 18 Uhr","","zu Fuß","5","","","Im Festzelt","vegetarisch","2","3","1","","Im Festzelt","3","5","","2","2","","5","",""
"20.09.2024","12:09","","27","Ja","Donnerstag, Freitag, Samstag","14 bis 18 Uhr, Nach 18 Uhr","","Fahrrad","5","Mehr Stellplätze für Fahrräder","","Von den Ständen auf dem Festplatz","vegetarisch, vegan","2","3","2","","Von den Ständen auf dem Festplatz","3","5","","3","4","","6","",""
"20.09.2024","11:46","","37","Nein","Donnerstag, Freitag, Samstag, Sonntag","Nach 18 Uhr","","PKW","6","","","Von den Ständen auf dem Festplatz","keine zusätzlichen Angebote notwendig","5","4","4","","Im Festzelt, Von den Ständen auf dem Festplatz","5","5","","5","5","","6","",""
"20.09.2024","10:25","","33","Nein","Donnerstag, Sonntag","14 bis 18 Uhr, Nach 18 Uhr","","PKW","6","","","Im Festzelt, Von den Ständen auf dem Festplatz","keine zusätzlichen Angebote notwendig","5","3","4","","Im Festzelt, Von den Ständen auf dem Festplatz","4","6","","5","5","","6","",""
"20.09.2024","09:56","","32","Ja","Freitag, Samstag","Nach 18 Uhr","","PKW, zu Fuß","5","Parkplatz Situation ist nicht optimal, aber durch begrenzten Platz wohl nicht anders zu lösen.","","Von den Ständen auf dem Festplatz","keine zusätzlichen Angebote notwendig","4","1","3","","Im Festzelt","1","5","","3","2","Städte mit vergleichbarer größe bieten viel mehr. Auch hier ist der Platz das Problem. Ich würde mir hier mehr Kreativität wünschen. Man könnte zum Beispiel auf die Innenstadt erweitern, Schloss Aschwiese miteinbinden oder auch den Zehentstadl.","6","Sicherheit in Bezug auf Polizei und Security ist Top. Hatte hier noch nie Probleme. Jedoch ist dieses Jahr was passiert das mir die Herbstschau versaut hat und vermeidbar gewesen wäre.  Eine nasse Holzrampe ist sehr rutschig, da hätte ich mir eine gummimatte gewünscht. Durch das Fehlen war ich der erste Patient beim Roten Kreuz am Jubiläum der Herbstschau. Sehr sehr schade. Konkret passierte das hinten beim Losstand in der kleinen Bar. Dort liegt wohl immer noch keine Matte, obwohl ihnen das vom Roten Kreuz nahegelegt wurde.","Meiner Meinung nach kann man aus der Moosburger Herbstschau noch mehr rausholen und als eingesessener Moosburger kann ich mir auch vorstellen, mich hier einzubringen. Wenn ihr mich erreichen wollt, thomasmoosburg@gmail.com oder unter der Nummer 08761 7567888."
"20.09.2024","09:56","","36","Ja","Dienstag, Samstag, Sonntag","14 bis 18 Uhr, Nach 18 Uhr","","Fahrrad, zu Fuß","6","","","Im Festzelt, Von den Ständen auf dem Festplatz","keine zusätzlichen Angebote notwendig","4","4","4","","Im Festzelt","5","5","","4","2","","5","",""
"20.09.2024","09:37","","18","Ja","Samstag","14 bis 18 Uhr, Nach 18 Uhr","","PKW, zu Fuß","6","","","Von den Ständen auf dem Festplatz","vegetarisch, vegan, keine zusätzlichen Angebote notwendig","5","1","5","","Im Festzelt","1","5","","5","6","","6","",""
"20.09.2024","09:33","","29","Ja","Freitag, Samstag, Sonntag","Nach 18 Uhr","","Fahrrad, PKW, zu Fuß","5","","","Im Festzelt, Von den Ständen auf dem Festplatz","keine zusätzlichen Angebote notwendig","6","3","2","","Im Festzelt","3","5","","4","3","","5","","Nutzung der Mehrzweckhalle als Aftershow Party (ähnlich Weinhalle Freising) wäre meines Erachtens ein deutlicher Zugewinn"
"20.09.2024","09:30","","25","Ja","Freitag, Samstag","Nach 18 Uhr","","Fahrrad, zu Fuß","6","","","Von den Ständen auf dem Festplatz","vegan","5","4","4","","Im Festzelt","4","6","","5","5","Gut, besondere Eignisse bringen Abwechslung rein und lockt auch mal ""nicht-Volksfestgänger"" an.","6","",""
"20.09.2024","09:08","","37","Ja","Mittwoch, Freitag, Samstag, Sonntag","14 bis 18 Uhr, Nach 18 Uhr","","zu Fuß","2","","","Von den Ständen auf dem Festplatz","keine zusätzlichen Angebote notwendig","2","4","3","","Im Festzelt","4","3","","2","5","","3","",""
"20.09.2024","09:03","","34","Ja","Donnerstag, Freitag, Samstag, Sonntag","Nach 18 Uhr","","zu Fuß","6","","","Von den Ständen auf dem Festplatz","vegetarisch","4","4","2","","Im Festzelt","3","6","","2","1","","6","",""
"20.09.2024","08:54","","39","Ja","Donnerstag, Samstag","14 bis 18 Uhr, Nach 18 Uhr","","zu Fuß","6","Ich wohne direkt daneben.","","Im Festzelt, Von den Ständen auf dem Festplatz","vegan","6","3","5","","Im Festzelt, Von den Ständen auf dem Festplatz","4","5","","3","4","","6","",""
"20.09.2024","08:51","","27","Ja","Freitag, Samstag","14 bis 18 Uhr, Nach 18 Uhr","","zu Fuß","3","Busse von Buch,Mauern,Hörgertshausen,Gammelsdorf wären eventuell was.","","Im Festzelt","vegetarisch","5","3","4","","Im Festzelt, Von den Ständen auf dem Festplatz","3","4","","5","4","","5","","Kamelrennen z.b mal neue Stände wären super."
"20.09.2024","08:51","","21","Ja","Dienstag, Mittwoch, Freitag, Samstag","Vor 14 Uhr, Nach 18 Uhr","","Fahrrad, PKW, zu Fuß","2","","","Im Festzelt, Von den Ständen auf dem Festplatz","keine zusätzlichen Angebote notwendig","4","4","2","","Im Festzelt, Von den Ständen auf dem Festplatz","2","3","","2","3","","2","",""
"20.09.2024","08:47","","24","Nein","Donnerstag, Freitag, Samstag, Sonntag","Vor 14 Uhr, Nach 18 Uhr","","PKW","6","","","Im Festzelt","keine zusätzlichen Angebote notwendig","6","4","6","","Im Festzelt","5","6","","4","2","","5","",""
"20.09.2024","07:59","","","Ja","Freitag, Samstag","14 bis 18 Uhr, Nach 18 Uhr","","Fahrrad, zu Fuß","2","","","Von den Ständen auf dem Festplatz","keine zusätzlichen Angebote notwendig","1","3","1","","Im Festzelt","3","6","","4","3","","5","",""
"20.09.2024","07:26","","","Ja","Freitag, Samstag, Sonntag","Vor 14 Uhr, 14 bis 18 Uhr, Nach 18 Uhr","","Fahrrad, zu Fuß","5","","","Im Festzelt, Von den Ständen auf dem Festplatz","vegetarisch, vegan","4","3","3","","Im Festzelt","3","5","","5","4","","6","","Weniger Glücksspiel bitte Kinder bekommen hier freiem Zugriff auf Slotmaschienen und Lose - warum? Dann soll das BRK doch lieber Spenden einsammeln ohne Kinder zum Glücksspiel zu verleiten - und der Rest kann sowieso weg"
"20.09.2024","06:48","","33","Ja","Mittwoch, Donnerstag, Samstag","14 bis 18 Uhr, Nach 18 Uhr","","Fahrrad, PKW","4","","","Im Festzelt, Von den Ständen auf dem Festplatz","keine zusätzlichen Angebote notwendig","3","2","2","","Im Festzelt","2","2","","3","3","","3","","- essensstand mit Würstel, sowas von schlecht (Fleisch nicht durch, Bratwurst haut kaum zu beißen, also auch nicht durch, lange „Bratwurst“ war eine dünne rote Sau scharfe Wurst, auf Beschwerde reagiert der Besitzer sehr pampig!  - im Kinder Karussell gibt es den einem der Chips einsammelt und dann Kindern nicht kindgerecht immer maßregelt, auch wenn sie schon lange das nicht mehr tun! Unmöglich sein auftreten, total fehl am Platz!"
"20.09.2024","06:03","","38","Ja","Dienstag, Mittwoch, Donnerstag, Sonntag","14 bis 18 Uhr","","Fahrrad, zu Fuß","1","","","Von den Ständen auf dem Festplatz","vegetarisch, vegan","3","1","2","","Im Festzelt, Von den Ständen auf dem Festplatz","1","5","","3","3","👍","4","",""
"20.09.2024","05:24","","26","Ja","Mittwoch, Samstag","Nach 18 Uhr","","Fahrrad","5","","","Von den Ständen auf dem Festplatz","vegan","3","3","4","","Im Festzelt","4","6","","3","5","","6","",""
"19.09.2024","23:02","","19","Nein","Samstag","Nach 18 Uhr","","PKW","3","","","Im Festzelt","vegan","1","2","2","","Im Festzelt","1","5","","5","5","","4","",""
"19.09.2024","21:16","","38","Ja","Mittwoch, Samstag","14 bis 18 Uhr, Nach 18 Uhr","","zu Fuß","6","","","Im Festzelt","keine zusätzlichen Angebote notwendig","6","3","5","","Im Festzelt","3","6","","4","6","","6","",""
"19.09.2024","20:32","","37","Ja","Freitag, Samstag","14 bis 18 Uhr, Nach 18 Uhr","","zu Fuß","6","Zu wenig Parkplätze vorhanden für Bekannte, Verwandtschaft und Freunde die nicht in Moosburg wohnen. Deswegen besuchen Sie das Fest meist nicht.","","Im Festzelt, Von den Ständen auf dem Festplatz","keine zusätzlichen Angebote notwendig","3","1","3","","Im Festzelt","3","4","","3","4","","5","Bitte mehr Polizei oder Security Streife.",""
"19.09.2024","19:57","","37","Ja","Freitag, Samstag","Nach 18 Uhr","","zu Fuß","6","","","Im Festzelt","keine zusätzlichen Angebote notwendig","6","4","5","","Im Festzelt","3","6","","4","4","","6","",""
"19.09.2024","19:20","","47","Ja","Sonntag","14 bis 18 Uhr, Nach 18 Uhr","","zu Fuß","5","","","Im Festzelt","vegetarisch","3","2","4","","Im Festzelt","3","3","","4","4","","5","",""
"19.09.2024","18:37","","","Ja","Freitag, Samstag","Nach 18 Uhr","","Bus, Fahrrad, zu Fuß","6","","","Von den Ständen auf dem Festplatz","keine zusätzlichen Angebote notwendig","6","2","5","","Im Festzelt","2","5","","5","4","","4","",""
"19.09.2024","17:02","","28","Ja","Mittwoch, Donnerstag, Freitag","Nach 18 Uhr","","zu Fuß","5","","","Im Festzelt","vegetarisch, vegan","5","4","3","","Im Festzelt","4","6","","4","4","","5","",""
"19.09.2024","15:35","","44","Ja","Freitag, Samstag, Sonntag","14 bis 18 Uhr, Nach 18 Uhr","","zu Fuß","6","","","Im Festzelt, Von den Ständen auf dem Festplatz","vegetarisch","4","4","4","","Im Festzelt, Von den Ständen auf dem Festplatz","4","4","","4","4","","5","",""
"19.09.2024","15:18","","","Ja","Mittwoch","14 bis 18 Uhr","","zu Fuß","4","","","Im Festzelt","vegetarisch","2","2","2","","Im Festzelt","2","3","","4","3","","5","",""
"19.09.2024","15:02","","48","Ja","Freitag, Samstag, Sonntag","14 bis 18 Uhr, Nach 18 Uhr","","Fahrrad, zu Fuß","6","","","Im Festzelt, Von den Ständen auf dem Festplatz","laktosefrei, glutenfrei","1","3","3","","Im Festzelt, Von den Ständen auf dem Festplatz","3","3","","3","2","Es ist halt immer das gleiche","2","",""
"19.09.2024","14:49","","13","Nein","Freitag, Samstag, Sonntag","14 bis 18 Uhr, Nach 18 Uhr","","PKW","5","","","Von den Ständen auf dem Festplatz","halal/koscher, keine zusätzlichen Angebote notwendig","3","3","3","","Von den Ständen auf dem Festplatz","3","5","","2","4","","4","","Nicht immer so hoche, ""gefährliche"" Fahrzeuge sonder auch krasse quf dem boden"
"19.09.2024","14:35","","32","Ja","Mittwoch, Sonntag","14 bis 18 Uhr","","zu Fuß","3","Es gestaltet sich mit Kindern oft schwierig, den Stadtgraben, der ja als Fahrradstraße ausgewiesen ist, entlang zu laufen, da extrem viele Autos durchrasen...","","Im Festzelt, Von den Ständen auf dem Festplatz","keine zusätzlichen Angebote notwendig","5","3","4","","Im Festzelt, Von den Ständen auf dem Festplatz","3","4","","5","2","","5","",""
"19.09.2024","14:21","","40","Ja","Dienstag, Samstag","14 bis 18 Uhr","","Fahrrad","3","Vom Zugang Rückseite Schäfflerhalle katastrophal da der Zugang ständig zugeparkt wird","","Im Festzelt","keine zusätzlichen Angebote notwendig","5","3","5","","Im Festzelt","5","4","","4","4","Lieblos wägen der Stadt beim Umzug sind seit Jahren immer die gleichen","1","Die Steine an den Eingängen die Fahrzeugen die Einfahrt erschweren sollen stehen nur sinnlos am Rand rum.Da ist jedes fest im ganzen Umkreis sicherer",""
"19.09.2024","14:21","","","Ja","Mittwoch, Freitag, Samstag, Sonntag","14 bis 18 Uhr","","Fahrrad, zu Fuß","6","Mehr Fahrradparkplätze wäre gut","","Von den Ständen auf dem Festplatz","keine zusätzlichen Angebote notwendig","5","3","3","","Im Festzelt","3","3","","2","3","","3","",""
"19.09.2024","14:16","","37","Ja","Samstag, Sonntag","14 bis 18 Uhr, Nach 18 Uhr","","Fahrrad, PKW, zu Fuß","5","","","Von den Ständen auf dem Festplatz","keine zusätzlichen Angebote notwendig","6","4","5","","Von den Ständen auf dem Festplatz","4","5","","4","5","Das Feuerwerk ist von Festplatz us leider nie zusehen da sollte was geändert werden sows gibt es leider nur in moosburg","6","",""
"19.09.2024","14:15","","42","Ja","Montag, Dienstag, Mittwoch, Donnerstag, Freitag, Samstag, Sonntag","14 bis 18 Uhr","","PKW","6","","","Von den Ständen auf dem Festplatz","keine zusätzlichen Angebote notwendig","6","2","6","","Im Festzelt, Von den Ständen auf dem Festplatz","2","4","","4","5","","6","",""
"19.09.2024","13:57","","23","Ja","Samstag","14 bis 18 Uhr","","Fahrrad, zu Fuß","5","","","Im Festzelt, Von den Ständen auf dem Festplatz","halal/koscher, laktosefrei","4","3","2","","Im Festzelt","3","6","","5","2","","4","",""
"19.09.2024","13:53","","34","Ja","Freitag, Samstag, Sonntag","14 bis 18 Uhr, Nach 18 Uhr","","PKW","5","","","Im Festzelt, Von den Ständen auf dem Festplatz","laktosefrei","4","3","4","","Im Festzelt, Von den Ständen auf dem Festplatz","4","3","","4","4","","3","",""
"19.09.2024","13:51","","37","Nein","Donnerstag, Freitag, Samstag, Sonntag","Nach 18 Uhr","","PKW","6","","","Von den Ständen auf dem Festplatz","keine zusätzlichen Angebote notwendig","5","2","4","","Im Festzelt","5","5","","4","3","","5","",""
"19.09.2024","13:50","","43","Ja","Freitag, Samstag","Nach 18 Uhr","","Fahrrad","6","","","Im Festzelt, Von den Ständen auf dem Festplatz","keine zusätzlichen Angebote notwendig","6","3","3","","Im Festzelt, Von den Ständen auf dem Festplatz","3","4","","5","3","","5","",""
"19.09.2024","13:49","","52","Ja","Freitag, Samstag","14 bis 18 Uhr","","zu Fuß","4","","","Von den Ständen auf dem Festplatz","keine zusätzlichen Angebote notwendig","5","2","4","","Im Festzelt","2","5","","4","5","","5","",""
